{"cameraMode":{"drawMode":0,"name":"Shaded","section":"Shading Mode"},"sceneLighting":false,"audioPlay":false,"sceneViewState":{"m_AlwaysRefresh":false,"showFog":true,"showSkybox":true,"showFlares":true,"showImageEffects":true,"showParticleSystems":true,"showVisualEffectGraphs":true,"m_FxEnabled":true},"in2DMode":false,"pivot":{"x":516.2805786132813,"y":2.6381983757019045,"z":519.6276245117188},"rotation":{"x":0.21577447652816773,"y":-0.36721786856651308,"z":0.08810101449489594,"w":0.9006136655807495},"size":1.3154966831207276,"orthographic":false}