{"cameraMode":{"drawMode":0,"name":"Shaded","section":"Shading Mode"},"sceneLighting":true,"audioPlay":false,"sceneViewState":{"m_AlwaysRefresh":false,"showFog":true,"showSkybox":true,"showFlares":true,"showImageEffects":true,"showParticleSystems":true,"showVisualEffectGraphs":true,"m_FxEnabled":true},"in2DMode":false,"pivot":{"x":79.83477783203125,"y":-0.00017964839935302734,"z":28.238983154296876},"rotation":{"x":0.17595791816711427,"y":-0.34049853682518008,"z":-0.06503542512655258,"w":-0.9213436841964722},"size":62.13127136230469,"orthographic":true}